{"cameraMode":{"drawMode":0,"name":"Shaded","section":"Shading Mode"},"sceneLighting":false,"audioPlay":false,"sceneViewState":{"m_AlwaysRefresh":false,"showFog":true,"showSkybox":false,"showFlares":true,"showImageEffects":true,"showParticleSystems":true,"showVisualEffectGraphs":true,"m_FxEnabled":true},"in2DMode":false,"pivot":{"x":0.020770907402038575,"y":-0.19280481338500977,"z":-0.00033658742904663086},"rotation":{"x":-0.09142541885375977,"y":-0.3645057678222656,"z":0.03598308935761452,"w":-0.9260125160217285},"size":4.04812479019165,"orthographic":false}