{"cameraMode":{"drawMode":0,"name":"Shaded","section":"Shading Mode"},"sceneLighting":false,"audioPlay":false,"sceneViewState":{"m_AlwaysRefresh":false,"showFog":true,"showSkybox":false,"showFlares":true,"showImageEffects":true,"showParticleSystems":true,"showVisualEffectGraphs":true,"m_FxEnabled":true},"in2DMode":false,"pivot":{"x":2.6713614463806154,"y":2.5845870971679689,"z":-0.20033657550811768},"rotation":{"x":-0.18389926850795747,"y":0.39968428015708926,"z":-0.0821840912103653,"w":-0.8942792415618897},"size":4.6685075759887699,"orthographic":false}