{"cameraMode":{"drawMode":0,"name":"Shaded","section":"Shading Mode"},"sceneLighting":false,"audioPlay":false,"sceneViewState":{"m_AlwaysRefresh":false,"showFog":true,"showSkybox":true,"showFlares":true,"showImageEffects":true,"showParticleSystems":true,"showVisualEffectGraphs":true,"m_FxEnabled":true},"in2DMode":false,"pivot":{"x":-1.4411284923553467,"y":-1.4419898986816407,"z":5.69816780090332},"rotation":{"x":0.04834074527025223,"y":0.9491753578186035,"z":-0.25230756402015688,"w":0.18185731768608094},"size":17.744705200195314,"orthographic":false}